ID,Event Date,User ID,Thread ID,Message
1,2024-01-01 10:00:00,user001,thread001,"{""role"": ""human"", ""content"": ""Hello, I need help with search functionality""}"
2,2024-01-01 10:00:30,user001,thread001,"{""role"": ""ai"", ""content"": ""I'd be happy to help you with the search feature. What specifically are you looking for?""}"
3,2024-01-01 10:01:00,user001,thread001,"{""role"": ""human"", ""content"": ""I want to search for documents in my workspace""}"
4,2024-01-01 10:01:30,user001,thread001,"{""role"": ""ai"", ""content"": ""You can use the search bar at the top of the interface to find documents.""}"
5,2024-01-01 11:30:00,user002,thread002,"{""role"": ""human"", ""content"": ""Can you help me analyze this data?""}"
6,2024-01-01 11:30:15,user002,thread002,"{""role"": ""ai"", ""content"": ""Of course! Please share the data you'd like me to analyze.""}"
7,2024-01-01 14:15:00,user001,thread003,"{""role"": ""human"", ""content"": ""I need to export my report""}"
8,2024-01-01 14:15:20,user001,thread003,"{""role"": ""ai"", ""content"": ""You can export your report using the Export button in the top menu.""}"
9,2024-01-02 09:00:00,user003,thread004,"{""role"": ""human"", ""content"": ""How do I chat with the AI assistant?""}"
10,2024-01-02 09:00:10,user003,thread004,"{""role"": ""ai"", ""content"": ""You're already chatting with me! Just type your questions in this chat window.""}"
11,2024-01-02 10:30:00,user002,thread005,"{""role"": ""human"", ""content"": ""I want to find all my previous conversations""}"
12,2024-01-02 10:30:30,user002,thread005,"{""role"": ""ai"", ""content"": ""You can access your conversation history from the sidebar menu.""}"
13,2024-01-02 15:45:00,user004,thread006,"{""role"": ""human"", ""content"": ""Help me with data analysis""}"
14,2024-01-02 15:45:15,user004,thread006,"{""role"": ""ai"", ""content"": ""I'd be glad to help with your data analysis. What type of data are you working with?""}"
15,2024-01-02 15:46:00,user004,thread006,"{""role"": ""human"", ""content"": ""I have sales data that I need to analyze for trends""}"
16,2024-01-03 08:20:00,user001,thread007,"{""role"": ""human"", ""content"": ""Good morning! I need support with the export feature""}"
17,2024-01-03 08:20:45,user001,thread007,"{""role"": ""ai"", ""content"": ""Good morning! I can help you with the export feature. What format do you need?""}"
18,2024-01-03 11:10:00,user005,thread008,"{""role"": ""human"", ""content"": ""I'm new here, can you help me get started?""}"
19,2024-01-03 11:10:20,user005,thread008,"{""role"": ""ai"", ""content"": ""Welcome! I'd be happy to help you get started. What would you like to learn about first?""}"
20,2024-01-03 16:30:00,user002,thread009,"{""role"": ""human"", ""content"": ""I need to search for a specific document""}"